id;object_id;jhi_type;jhi_link;name
1;9567;compressing;and;Account
2;71539;USB Mississippi;innovative Sports;Soft enable
3;75357;Computer Executive scalable;synthesizing;holistic
4;26092;mobile Operations;5th;Practical Shirt
5;48122;Checking Assurance;Optimization magenta;Automated
6;35902;Checking;online niches override;Granite Mandatory Hungary
7;6992;enable back-end;Cotton seize;Rand Bahamian Shoes
8;77765;panel;best-of-breed viral deposit;Computer knowledge
9;40667;quantify;Function-based Nebraska Tala;Account Greenland
10;76492;Alaska;Steel redefine;Loan evolve
